a,b,pearson,spearman,agreement,near_clone
technical.bollinger,technical.donchian,-0.8315060928516257,-0.8315896852339995,0.08170426065162907,False
pine.mavilim,technical.trend_slope,0.8243506185059811,0.8243506185059812,0.9142857142857143,False
technical.bollinger,technical.rsi,-0.7958925480823307,-0.7958925480823303,0.09924812030075188,False
technical.trend_ma,technical.trend_slope,0.7939493127978959,0.7939493127978953,0.9007518796992481,False
technical.donchian,technical.rsi,0.7821280434524235,0.7822123126393863,0.893734335839599,False
rule.turtle,technical.trend_ma,-0.7392483598087828,-0.7392483598087837,0.12581453634085213,False
technical.roc,technical.rsi,0.7022279961718502,0.7020899820113337,0.8541353383458646,False
pine.hl_ott,technical.rsi,0.7003716972003036,0.7003716972003033,0.8541353383458646,False
pine.leledc,technical.trend_slope,-0.6928661021077236,-0.6928661021077226,0.14837092731829574,False
pine.hl_ott,technical.roc,0.6900465869537009,0.689693838734261,0.8481203007518797,False
pine.supertrend,rule.turtle,-0.6853334191799781,-0.6853334191799786,0.15588972431077694,False
technical.donchian,technical.roc,0.6820966714160429,0.681878584325161,0.8451127819548873,False
technical.adx,technical.rsi,0.6802327211912949,0.6795444521731134,0.5884711779448621,False
pine.hl_ott,pine.supertrend,0.6757592592497559,0.6757592592497562,0.8395989974937343,False
pine.mavilim,technical.trend_ma,0.6714116355581905,0.6714116355581896,0.8401002506265665,False
pine.hl_ott,technical.donchian,0.6503036928828637,0.6502160081928604,0.8295739348370927,False
pine.supertrend,technical.adx,0.6499898100142593,0.6491031196836217,0.574937343358396,False
rule.turtle,technical.roc,-0.6498386127682055,-0.6499327943293702,0.16791979949874686,False
pine.leledc,technical.trend_ma,-0.6462479184223225,-0.6462479184223222,0.17042606516290726,False
rule.moving_average_crossover,technical.bollinger,-0.6455403790805889,-0.6455403790805898,0.17293233082706766,False
technical.roc,technical.structure,0.6425914400136178,0.6439299905498809,0.7724310776942356,False
pine.leledc,pine.mavilim,-0.6408135043309517,-0.6408135043309519,0.174937343358396,False
pine.supertrend,technical.roc,0.6384643569117825,0.6385137326535858,0.819047619047619,False
pine.hl_ott,technical.bollinger,-0.6363048297916286,-0.6363048297916268,0.17694235588972432,False
technical.adx,technical.roc,0.6304133645553394,0.6291102599328071,0.5704260651629073,False
technical.bollinger,technical.roc,-0.6268968007202099,-0.6267736546744108,0.17944862155388472,False
rule.turtle,technical.trend_slope,-0.6257949187002063,-0.6257949187002055,0.18095238095238095,False
pine.supertrend,technical.rsi,0.6257869567209594,0.6257869567209593,0.8150375939849624,False
technical.obv,technical.trend_ma,0.6239026566653332,0.6239026566653331,0.8195488721804511,False
pine.hl_ott,technical.adx,0.6221330480914538,0.6206401826793642,0.5659147869674186,False
rule.turtle,technical.adx,-0.6213536352095164,-0.6213661753937747,0.06466165413533835,False
rule.moving_average_crossover,technical.donchian,0.6142758321827014,0.6141878872644445,0.8115288220551379,False
rule.moving_average_crossover,technical.macd,0.6069096866590125,0.6069096866590137,0.8040100250626566,False
pine.hl_ott,rule.turtle,-0.6068801506181277,-0.6068801506181286,0.19097744360902255,False
pine.supertrend,technical.trend_ma,0.598825097713101,0.5988250977131012,0.8015037593984963,False
rule.turtle,technical.rsi,-0.595273314333675,-0.5952733143336751,0.19649122807017544,False
technical.donchian,technical.structure,0.5921890886558655,0.5914280417091285,0.7463659147869675,False
rule.turtle,technical.obv,-0.591569673794335,-0.5915696737943343,0.19699248120300752,False
pine.hl_ott,rule.moving_average_crossover,0.5914065913791733,0.5914065913791745,0.800501253132832,False
pine.wavetrend,technical.trend_slope,-0.577608539711166,-0.5776085397111668,0.20150375939849624,False
rule.moving_average_crossover,technical.rsi,0.5758398150543386,0.5758398150543386,0.7929824561403509,False
technical.obv,technical.trend_slope,0.5731807733363361,0.5731807733363361,0.7944862155388471,False
technical.bollinger,technical.macd,-0.5700052849915076,-0.5700052849915079,0.21453634085213033,False
technical.rsi,technical.trend_ma,0.5681307037073058,0.5681307037073051,0.7909774436090226,False
technical.rsi,technical.structure,0.5671191237867761,0.5669754234998625,0.7348370927318296,False
technical.adx,technical.donchian,0.5667996243475752,0.5655168623228553,0.544360902255639,False
pine.mavilim,rule.turtle,-0.5595991912404803,-0.5595991912404794,0.21453634085213033,False
technical.adx,technical.trend_ma,0.5580284788962967,0.557809318132671,0.5418546365914787,False
technical.adx,technical.bollinger,-0.555726781573489,-0.5548064789992118,0.09022556390977443,False
technical.roc,technical.trend_ma,0.5556071428628758,0.5559474657250061,0.7854636591478696,False
pine.vix_fix,technical.macd,-0.5451130009588323,-0.545113000958833,0.24511278195488723,False
pine.supertrend,technical.donchian,0.5447532192242893,0.5448358533974935,0.774937343358396,False
pine.hl_ott,technical.structure,0.5336891214472906,0.5336992309115529,0.7192982456140351,False
technical.bollinger,technical.structure,-0.5205925156722936,-0.5190518600286992,0.19949874686716793,False
pine.hl_ott,technical.trend_ma,0.5197365574701922,0.5197365574701932,0.7674185463659148,False
pine.leledc,rule.turtle,0.5181541845064535,0.518154184506453,0.7669172932330827,False
rule.turtle,technical.structure,-0.5179998412504819,-0.5204454080194574,0.2,False
pine.leledc,pine.wavetrend,0.5138685129846834,0.5138685129846831,0.7684210526315789,False
technical.adx,technical.structure,0.5098013673697269,0.5136394508753305,0.5343358395989974,False
pine.vix_fix,technical.bollinger,0.5082782986025867,0.5082782986025876,0.7609022556390977,False
technical.adx,technical.obv,0.5045825572722131,0.5060080235901352,0.5213032581453634,False
pine.supertrend,technical.obv,0.5042475677334757,0.5042475677334759,0.7553884711779448,False
pine.mavilim,technical.obv,0.5037791660372684,0.5037791660372687,0.7588972431077694,False
pine.squeeze,rule.turtle,-0.4999243323248475,-0.49992433232484756,0.24160401002506265,False
pine.mavilim,pine.wavetrend,-0.49756896206285933,-0.4975689620628584,0.24310776942355888,False
pine.squeeze,technical.trend_ma,0.4965982519741232,0.49659825197412283,0.7578947368421053,False
pine.vix_fix,rule.moving_average_crossover,-0.4959580674034894,-0.4959580674034895,0.24862155388471177,False
technical.donchian,technical.macd,0.4932537510514109,0.49333424319104424,0.7473684210526316,False
pine.supertrend,technical.structure,0.4929581868450256,0.49457611048290473,0.6952380952380952,False
technical.obv,technical.rsi,0.4913613438628431,0.49136134386284314,0.7538847117794486,False
pine.supertrend,technical.bollinger,-0.4909847498645962,-0.49098474986459606,0.2511278195488722,False
pine.leledc,technical.obv,-0.4859395302711357,-0.48593953027113485,0.24761904761904763,False
technical.structure,technical.trend_ma,0.47511175860755,0.4762945799780181,0.6952380952380952,False
rule.moving_average_crossover,technical.roc,0.47160481846278585,0.47128194820350766,0.7418546365914787,False
pine.wavetrend,technical.trend_ma,-0.4712634920503995,-0.4712634920503981,0.24962406015037594,False
technical.obv,technical.roc,0.46342365553093723,0.46334593779750943,0.7413533834586467,False
pine.vix_fix,technical.donchian,-0.46123445425853205,-0.4611720608930731,0.25914786967418546,False
rule.turtle,technical.donchian,-0.4548743411834562,-0.4549673595828435,0.26416040100250626,False
pine.supertrend,technical.trend_slope,0.4529462343454426,0.45294623434544373,0.7303258145363408,False
pine.squeeze,technical.trend_slope,0.4524449793841479,0.45244497938414757,0.7358395989974937,False
technical.adx,technical.trend_slope,0.44827045555553674,0.45011573829877594,0.4992481203007519,False
pine.squeeze,pine.supertrend,0.4436702867034978,0.44367028670349856,0.7258145363408521,False
technical.donchian,technical.trend_ma,0.44354508459859243,0.4436408508024911,0.7308270676691729,False
technical.obv,technical.structure,0.4420856589806482,0.44303302142411416,0.6802005012531328,False
rule.moving_average_crossover,technical.adx,0.4408899532982958,0.4398510668098664,0.49523809523809526,False
pine.mavilim,pine.squeeze,0.4351563113899328,0.435156311389932,0.72531328320802,False
pine.hl_ott,technical.obv,0.42848905251058667,0.4284890525105872,0.7233082706766917,False
neural.lstm,technical.rsi,-0.42280364754858035,-0.42280364754858,0.3087719298245614,False
rule.turtle,technical.bollinger,0.42132730652525496,0.4213273065252547,0.7192982456140351,False
pine.supertrend,rule.moving_average_crossover,0.41702509217059885,0.41702509217060063,0.712280701754386,False
rule.moving_average_crossover,technical.structure,0.40833513227466134,0.40864792115638054,0.6606516290726817,False
technical.rsi,technical.trend_slope,0.40770025666740756,0.40770025666740756,0.7127819548872181,False
pine.mavilim,pine.supertrend,0.4057910911321066,0.40579109113210715,0.706766917293233,False
pine.hl_ott,pine.vix_fix,-0.4024871456838199,-0.402487145683821,0.28671679197994987,False
pine.squeeze,technical.adx,0.4011083756005748,0.4016121767580776,0.48120300751879697,False
neural.lstm,technical.bollinger,0.40109217470123165,0.40109217470123126,0.6802005012531328,False
pine.squeeze,technical.roc,0.3999698871730671,0.4001132390272969,0.7102756892230576,False
technical.donchian,technical.obv,0.39992082305648996,0.40001755825106405,0.7097744360902256,False
pine.mavilim,technical.adx,0.3956123234774763,0.39964639871883173,0.47769423558897245,False
pine.leledc,technical.adx,-0.3912586165170574,-0.3927771007229316,0.15338345864661654,False
technical.roc,technical.trend_slope,0.3902221992426518,0.3905803919131868,0.7052631578947368,False
technical.bollinger,technical.trend_ma,-0.38912584689592694,-0.3891258468959264,0.29523809523809524,False
pine.squeeze,technical.obv,0.38819117511104334,0.3881911751110439,0.7057644110275689,False
pine.vix_fix,technical.rsi,-0.38618277464964146,-0.38618277464964124,0.2932330827067669,False
technical.macd,technical.rsi,0.38457079835258345,0.3845707983525826,0.6942355889724311,False
neural.lstm,technical.donchian,-0.38349026013973697,-0.3835540812330069,0.3283208020050125,False
pine.leledc,pine.supertrend,-0.38331331177225053,-0.3833133117722505,0.3037593984962406,False
pine.hl_ott,technical.macd,0.38150734803071873,0.381507348030719,0.6927318295739349,False
pine.squeeze,technical.structure,0.3778684407071563,0.37878203120573123,0.650125313283208,False
neural.lstm,pine.hl_ott,-0.3777115894188279,-0.37771158941882793,0.33032581453634086,False
technical.structure,technical.trend_slope,0.37761886276852447,0.3793235976191016,0.649624060150376,False
neural.lstm,technical.roc,-0.3706895974644815,-0.3706415882803394,0.3383458646616541,False
pine.squeeze,technical.rsi,0.36066965947190777,0.3606696594719074,0.6902255639097744,False
pine.leledc,pine.squeeze,-0.3571126919995378,-0.35711269199953755,0.31027568922305765,False
technical.bollinger,technical.obv,-0.3538292981389883,-0.3538292981389884,0.312280701754386,False
neural.lstm,technical.adx,-0.35080225890661304,-0.3473345435642439,0.1899749373433584,False
neural.lstm,pine.supertrend,-0.3484905806087953,-0.34849058060879506,0.33734335839599,False
rule.moving_average_crossover,rule.turtle,-0.34444182444294213,-0.3444418244429421,0.3192982456140351,False
pine.hl_ott,pine.squeeze,0.3414213455674474,0.3414213455674474,0.6807017543859649,False
pine.leledc,technical.rsi,-0.33759199855646355,-0.3375919985564635,0.3213032581453634,False
neural.vanilla_rnn,technical.trend_slope,-0.3373226207287488,-0.33732262072874925,0.3182957393483709,False
pine.vix_fix,technical.roc,-0.3335809283602529,-0.33320318959403294,0.306265664160401,False
neural.lstm,rule.turtle,0.3332626128735703,0.3332626128735707,0.6461152882205514,False
pine.hl_ott,technical.trend_slope,0.3305511883577203,0.3305511883577206,0.675187969924812,False
pine.mavilim,technical.rsi,0.3301747005907121,0.330174700590712,0.6731829573934837,False
pine.wavetrend,technical.obv,-0.3231547525767494,-0.3231547525767495,0.318796992481203,False
pine.leledc,technical.structure,-0.32311492904162453,-0.32334938448019884,0.2887218045112782,False
neural.vanilla_rnn,pine.wavetrend,0.3230831979029868,0.3230831979029861,0.6827067669172933,False
technical.macd,technical.roc,0.32243193827060956,0.3220900772031591,0.6621553884711779,False
pine.leledc,technical.roc,-0.31535443243515304,-0.3157240237634811,0.3283208020050125,False
neural.vanilla_rnn,pine.leledc,0.3125868988740865,0.312586898874087,0.6696741854636592,False
neural.vanilla_rnn,technical.trend_ma,-0.3096770638573201,-0.30967706385732036,0.33032581453634086,False
rule.moving_average_crossover,technical.trend_ma,0.30836936992989095,0.3083693699298915,0.6641604010025063,False
pine.squeeze,pine.wavetrend,-0.3077753464699529,-0.3077753464699532,0.3273182957393484,False
pine.mavilim,technical.structure,0.3056586724203019,0.30819186677902555,0.6135338345864662,False
pine.mavilim,technical.roc,0.30026230324877573,0.30039834995248915,0.6591478696741855,False
pine.wavetrend,rule.turtle,0.30024946072763425,0.3002494607276345,0.6676691729323309,False
rule.moving_average_crossover,technical.obv,0.29388480089350166,0.2938848008935019,0.6571428571428571,False
pine.supertrend,pine.vix_fix,-0.2906084918470841,-0.29060849184708437,0.349874686716792,False
pine.vix_fix,technical.adx,-0.2894354962298867,-0.282303161989231,0.18696741854636592,False
pine.hl_ott,pine.leledc,-0.28943029352189886,-0.2894302935218992,0.3448621553884712,False
pine.vix_fix,technical.structure,-0.28910871285372675,-0.2851959882776044,0.2862155388471178,False
pine.squeeze,technical.donchian,0.28384955651740973,0.2839476658188285,0.6531328320802005,False
rule.signal_rolling,technical.macd,-0.2832441178672383,-0.2832441178672394,0.3573934837092732,False
neural.vanilla_rnn,pine.mavilim,-0.2821807852927472,-0.2821807852927472,0.34786967418546366,False
neural.lstm,rule.moving_average_crossover,-0.28177568058833835,-0.28177568058833885,0.37543859649122807,False
rule.moving_average_crossover,rule.signal_rolling,-0.2766515069640642,-0.2766515069640638,0.3598997493734336,False
neural.lstm,technical.trend_ma,-0.2755272899963382,-0.27552728999633785,0.3844611528822055,False
neural.lstm,technical.structure,-0.27505815672772715,-0.27431178910642356,0.349874686716792,False
technical.donchian,technical.trend_slope,0.2730615726352094,0.2731593805232231,0.6476190476190476,False
technical.macd,technical.structure,0.264482672948843,0.2644727519236755,0.5859649122807018,False
neural.lstm,technical.obv,-0.2568244338023028,-0.25682443380230263,0.39348370927318294,False
rule.signal_rolling,technical.bollinger,0.25521746691255603,0.25521746691255615,0.6295739348370928,False
pine.squeeze,technical.bollinger,-0.2544768271739581,-0.25447682717395775,0.3609022556390977,False
pine.wavetrend,technical.adx,-0.2533045015742368,-0.25318130072550404,0.2025062656641604,False
pine.mavilim,technical.macd,-0.25315179291901063,-0.2531517929190105,0.3794486215538847,False
pine.hl_ott,pine.mavilim,0.24522110312896844,0.24522110312896853,0.631578947368421,False
neural.vanilla_rnn,technical.obv,-0.2405307286426268,-0.24053072864262703,0.3634085213032581,False
neural.lstm,technical.macd,-0.2322671213835492,-0.23226712138354966,0.39097744360902253,False
neural.gru,technical.macd,-0.22850370598989883,-0.22850370598989866,0.3849624060150376,False
rule.signal_rolling,technical.rsi,-0.2267466316292173,-0.22674663162921743,0.3844611528822055,False
pine.leledc,technical.donchian,-0.22570064360573167,-0.2257992881455216,0.374937343358396,False
neural.vanilla_rnn,rule.turtle,0.2226756170789765,0.2226756170789765,0.6260651629072682,False
technical.adx,technical.macd,0.22118148552260103,0.2193377007972961,0.4055137844611529,False
technical.bollinger,technical.trend_slope,-0.22094948738108552,-0.2209494873810854,0.3774436090225564,False
rule.signal_rolling,technical.donchian,-0.2181005469486186,-0.21801348197911613,0.38847117794486213,False
neural.vanilla_rnn,technical.adx,-0.20462339173769098,-0.2054885215706218,0.22406015037593985,False
pine.wavetrend,technical.macd,0.20371916010181257,0.20371916010181235,0.58796992481203,False
pine.supertrend,technical.macd,0.2026371568722995,0.20263715687229997,0.6035087719298246,False
neural.lstm,pine.vix_fix,0.20044181528865732,0.2004418152886569,0.5473684210526316,False
neural.vanilla_rnn,technical.rsi,-0.20027478492458406,-0.2002747849245841,0.38596491228070173,False
pine.wavetrend,technical.rsi,-0.19955863517522887,-0.19955863517522854,0.38145363408521304,False
pine.squeeze,rule.moving_average_crossover,0.19889102019666263,0.1988910201966627,0.6105263157894737,False
pine.leledc,technical.bollinger,0.19638680076363024,0.1963868007636303,0.6105263157894737,False
neural.gru,pine.vix_fix,0.19478323554736487,0.19478323554736457,0.5944862155388471,False
neural.gru,technical.bollinger,0.19287299898457932,0.19287299898457927,0.5979949874686716,False
pine.vix_fix,rule.signal_rolling,0.19022729730997492,0.19022729730997562,0.5949874686716792,False
pine.mavilim,technical.donchian,0.1893065522854655,0.18922812296970368,0.6045112781954888,False
pine.supertrend,pine.wavetrend,-0.18907478561025828,-0.189074785610258,0.39598997493734334,False
neural.lstm,pine.squeeze,-0.18896386587339375,-0.18896386587339348,0.42506265664160403,False
pine.wavetrend,technical.structure,-0.18708368272027384,-0.18762255906503678,0.34035087719298246,False
neural.gru,technical.donchian,-0.1781560780741546,-0.1780689870885309,0.40902255639097745,False
neural.vanilla_rnn,pine.squeeze,-0.17241644079691823,-0.1724164407969182,0.3969924812030075,False
pine.wavetrend,technical.roc,-0.17179782108847966,-0.17227064026855937,0.387468671679198,False
pine.mavilim,pine.vix_fix,0.17148227640262445,0.17148227640262495,0.5408521303258146,False
neural.vanilla_rnn,technical.donchian,-0.16856217248706523,-0.168665494954175,0.4005012531328321,False
neural.lstm,technical.trend_slope,-0.16820585091145251,-0.16820585091145232,0.4345864661654135,False
neural.vanilla_rnn,pine.supertrend,-0.1672922042416075,-0.16729220424160723,0.40852130325814534,False
neural.gru,neural.lstm,0.16462724863449665,0.1646272486344963,0.5779448621553884,False
neural.lstm,pine.mavilim,-0.16364338476786655,-0.16364338476786655,0.4330827067669173,False
technical.macd,technical.trend_slope,-0.15993699339038914,-0.15993699339038905,0.4270676691729323,False
pine.hl_ott,rule.signal_rolling,-0.1586463993635295,-0.15864639936352987,0.4180451127819549,False
neural.gru,pine.mavilim,0.15391817593449164,0.15391817593449147,0.5734335839598997,False
pine.vix_fix,rule.turtle,0.15200813399909,0.15200813399909024,0.6075187969924812,False
neural.gru,technical.rsi,-0.15017626325526973,-0.15017626325526945,0.4230576441102757,False
neural.vanilla_rnn,technical.bollinger,0.14538480043185772,0.14538480043185784,0.58796992481203,False
pine.leledc,technical.macd,0.141366410170247,0.1413664101702473,0.5639097744360902,False
pine.mavilim,technical.bollinger,-0.13853799454470792,-0.13853799454470775,0.42005012531328323,False
neural.vanilla_rnn,pine.hl_ott,-0.13741188959512646,-0.13741188959512676,0.41654135338345866,False
pine.leledc,rule.moving_average_crossover,-0.13679668199344472,-0.13679668199344494,0.42005012531328323,False
neural.vanilla_rnn,technical.roc,-0.1351944036500232,-0.135614036689265,0.4120300751879699,False
rule.moving_average_crossover,technical.trend_slope,0.13242082739732008,0.13242082739732053,0.5779448621553884,False
neural.gru,rule.moving_average_crossover,-0.13111417248727045,-0.13111417248727028,0.43258145363408523,False
neural.gru,pine.hl_ott,-0.13089814630283444,-0.13089814630283453,0.43258145363408523,False
pine.hl_ott,pine.wavetrend,-0.1290510480444657,-0.12905104804446565,0.4150375939849624,False
neural.lstm,rule.signal_rolling,0.12893919854620658,0.1289391985462067,0.5593984962406015,False
rule.signal_rolling,technical.adx,-0.12841303018193242,-0.12685195800096496,0.2621553884711779,False
neural.vanilla_rnn,technical.structure,-0.1266252377758445,-0.12649199602229363,0.37543859649122807,False
pine.mavilim,rl.policy_gradient,-0.1249986630489928,-0.1251546004955988,0.41904761904761906,False
pine.vix_fix,pine.wavetrend,-0.12320459971525756,-0.12320459971525738,0.5177944862155388,False
rl.evolution_strategy,technical.rsi,-0.12125470328017009,-0.12147773582085207,0.3994987468671679,False
neural.gru,technical.roc,-0.12078689374647186,-0.12067914667739457,0.43609022556390975,False
rule.signal_rolling,technical.roc,-0.11644222307039477,-0.11655364189001867,0.4370927318295739,False
rl.evolution_strategy,technical.adx,-0.11601360762792948,-0.11608669262528507,0.25914786967418546,False
rl.evolution_strategy,rule.turtle,0.11536355826591532,0.1148885213957441,0.530827067669173,False
pine.wavetrend,technical.donchian,-0.1132008785447945,-0.11331592447387576,0.42105263157894735,False
pine.leledc,rl.evolution_strategy,0.1124157521099787,0.1141854013443136,0.5298245614035088,False
rl.evolution_strategy,technical.trend_ma,-0.11225299137333114,-0.11296836696861277,0.40150375939849625,False
neural.lstm,pine.leledc,0.1118764710259952,0.11187647102599493,0.5383458646616541,False
pine.vix_fix,technical.obv,-0.11150461663134559,-0.1115046166313455,0.4050125313283208,False
rl.neuro_evolution,technical.obv,-0.10324398152851545,-0.10340027650065697,0.42656641604010026,False
pine.mavilim,rl.evolution_strategy,-0.10302378471471266,-0.10372735368649011,0.40852130325814534,False
neural.gru,pine.leledc,-0.10203134927756534,-0.10203134927756509,0.4531328320802005,False
rule.signal_rolling,technical.structure,-0.10115380640526289,-0.10303096041390185,0.4045112781954887,False
pine.supertrend,rl.evolution_strategy,-0.10046442507318004,-0.10009218610903636,0.4130325814536341,False
neural.gru,technical.trend_slope,0.10010145505524333,0.10010145505524322,0.5458646616541354,False
rl.evolution_strategy,technical.roc,-0.09808608349255095,-0.09819911617995934,0.40902255639097745,False
pine.supertrend,rule.signal_rolling,-0.09788426660047132,-0.09788426660047139,0.44912280701754387,False
rl.evolution_strategy,technical.trend_slope,-0.09406571187732349,-0.09525308660612081,0.4105263157894737,False
neural.vanilla_rnn,rule.moving_average_crossover,-0.09249035426387067,-0.09249035426387071,0.4395989974937343,False
rl.policy_gradient,technical.macd,0.09206085367997184,0.09220114174395506,0.5258145363408522,False
rl.evolution_strategy,technical.structure,-0.09093289311117374,-0.09446397956848644,0.37844611528822053,False
neural.gru,rule.signal_rolling,0.08721277055603305,0.08721277055603302,0.544360902255639,False
rl.evolution_strategy,technical.obv,-0.0848092514022225,-0.08460123566138124,0.4145363408521303,False
rl.neuro_evolution,rl.neuro_evolution__novelty_search,0.08373893443439635,0.08384332942338714,0.5288220551378446,False
rl.evolution_strategy,rl.neuro_evolution,0.08264946433067574,0.08163781941850108,0.5132832080200501,False
pine.vix_fix,rl.policy_gradient,-0.08258738939689983,-0.0826604775364538,0.45864661654135336,False
neural.gru,pine.wavetrend,-0.08226168530680902,-0.0822616853068089,0.46616541353383456,False
pine.vix_fix,technical.trend_ma,-0.08147323148846228,-0.08147323148846222,0.4180451127819549,False
rl.neuro_evolution,rule.turtle,0.0814195063187867,0.0814805439500253,0.5298245614035088,False
rule.turtle,technical.macd,-0.08053649547085377,-0.08053649547085374,0.45513784461152884,False
pine.hl_ott,rl.evolution_strategy,-0.08007101207368078,-0.07926304864969312,0.41904761904761906,False
pine.wavetrend,technical.bollinger,0.07896309426015473,0.07896309426015453,0.562406015037594,False
rl.neuro_evolution,technical.adx,-0.0770622858591569,-0.07613184158852795,0.2711779448621554,False
neural.gru,technical.structure,-0.07676057974601089,-0.07639763821734222,0.4170426065162907,False
rl.evolution_strategy,technical.bollinger,0.07646942375285037,0.07676055368729758,0.512280701754386,False
pine.vix_fix,technical.trend_slope,0.07604072702931912,0.07604072702931915,0.49022556390977445,False
rl.policy_gradient,technical.trend_slope,-0.07087588280421923,-0.07104781797310404,0.44411027568922307,False
rl.neuro_evolution,technical.donchian,-0.06985844330406743,-0.06975256134264557,0.4431077694235589,False
neural.gru,technical.adx,-0.06869885966781766,-0.06658921029601836,0.2862155388471178,False
pine.supertrend,rl.neuro_evolution,-0.06784328766340275,-0.06787438173755926,0.4471177944862155,False
rl.evolution_strategy,technical.donchian,-0.0676755252431954,-0.06780981389419014,0.4245614035087719,False
rl.evolution_strategy,rl.neuro_evolution__novelty_search,0.06448635930506187,0.06473135200263942,0.506265664160401,False
neural.gru,pine.supertrend,-0.06362134840074363,-0.06362134840074359,0.4666666666666667,False
rl.neuro_evolution,technical.trend_ma,-0.063489699006532,-0.0634737108418428,0.44511278195488724,False
rl.policy_gradient,technical.obv,-0.06220666832693599,-0.06232637386514001,0.4481203007518797,False
neural.vanilla_rnn,rl.neuro_evolution,0.05871616433207044,0.05861436618796145,0.5203007518796993,False
rl.neuro_evolution,technical.roc,-0.058676952520432604,-0.05872313260399122,0.44611528822055135,False
rl.neuro_evolution,technical.rsi,-0.0582195614967319,-0.05818871867610592,0.44912280701754387,False
pine.mavilim,rl.neuro_evolution,-0.05794585488142778,-0.05817396346677573,0.4496240601503759,False
rl.evolution_strategy,rule.moving_average_crossover,-0.05751589390664963,-0.0573277940989741,0.43007518796992483,False
rule.signal_rolling,technical.obv,-0.055480507236276976,-0.05548050723627698,0.4681704260651629,False
pine.wavetrend,rl.evolution_strategy,0.05421526332911884,0.05645186917463807,0.5092731829573934,False
pine.squeeze,rl.evolution_strategy,-0.05383329219312144,-0.053243242449327044,0.42907268170426066,False
rl.neuro_evolution__novelty_search,technical.obv,-0.053620335200466586,-0.05364579400020821,0.4456140350877193,False
rl.neuro_evolution,technical.bollinger,0.053616565322311426,0.053499974140668004,0.5162907268170426,False
rl.policy_gradient,technical.trend_ma,-0.05237420910937885,-0.05249670692130379,0.45263157894736844,False
rl.neuro_evolution,technical.structure,-0.05207472895527944,-0.05023207347218954,0.41102756892230574,False
neural.gru,technical.trend_ma,0.051852954128366005,0.051852954128365956,0.5218045112781955,False
technical.macd,technical.obv,0.05181490121163871,0.051814901211638766,0.531328320802005,False
pine.leledc,rl.policy_gradient,0.05116826248103176,0.05122903213641267,0.5117794486215539,False
pine.vix_fix,rl.evolution_strategy,0.04977567514049546,0.049561662008246826,0.5147869674185463,False
pine.squeeze,pine.vix_fix,-0.04913726999366275,-0.04913726999366276,0.4345864661654135,False
rl.policy_gradient,rule.moving_average_crossover,0.04681937147806772,0.046984076443369174,0.5012531328320802,False
neural.lstm,rl.evolution_strategy,0.045490538915675414,0.044993357327523235,0.47719298245614034,False
rl.policy_gradient,rule.turtle,0.04515023944757136,0.045262804294624794,0.5087719298245614,False
pine.mavilim,rule.moving_average_crossover,0.04389781403400297,0.043897814034002995,0.5323308270676692,False
neural.gru,technical.obv,0.04366062060474916,0.04366062060474917,0.5177944862155388,False
rl.neuro_evolution,technical.macd,-0.04328910155913269,-0.04313276443899978,0.4606516290726817,False
neural.lstm,neural.vanilla_rnn,0.04211826913297654,0.042118269132976525,0.5017543859649123,False
pine.wavetrend,rl.policy_gradient,0.04090267198467415,0.041005508181701504,0.5092731829573934,False
pine.leledc,pine.vix_fix,-0.04041727323948777,-0.0404172732394877,0.524812030075188,False
neural.vanilla_rnn,rl.policy_gradient,-0.04036817203147988,-0.040349799131471374,0.4691729323308271,False
pine.mavilim,rule.signal_rolling,0.03894208631991651,0.038942086319916545,0.5157894736842106,False
pine.hl_ott,rl.neuro_evolution__novelty_search,-0.03788247264706186,-0.03788815976965042,0.4556390977443609,False
pine.leledc,rl.neuro_evolution,0.03756902917488781,0.03763460579465732,0.5092731829573934,False
rule.signal_rolling,technical.trend_ma,-0.037039385620753304,-0.037039385620753394,0.47719298245614034,False
rl.neuro_evolution__novelty_search,rl.policy_gradient,-0.03622524196410872,-0.03617013546241577,0.4691729323308271,False
rl.neuro_evolution,technical.trend_slope,-0.03578395480037915,-0.03602935954723026,0.45864661654135336,False
pine.hl_ott,rl.neuro_evolution,-0.035626584473605706,-0.035506683055453216,0.46015037593984964,False
rl.policy_gradient,technical.bollinger,-0.035498253042977025,-0.035602838609260494,0.47017543859649125,False
rl.evolution_strategy,rule.signal_rolling,0.03509800513198507,0.03582176260096604,0.4857142857142857,False
pine.vix_fix,rl.neuro_evolution,0.034969532372349045,0.03495137287819266,0.5172932330827068,False
neural.lstm,rl.neuro_evolution,0.03425316086533946,0.0341054552704276,0.4932330827067669,False
pine.wavetrend,rule.signal_rolling,-0.034214683620685776,-0.03421468362068578,0.4907268170426065,False
neural.gru,pine.squeeze,0.03396713223646981,0.03396713223646979,0.5132832080200501,False
rl.evolution_strategy,technical.macd,-0.03351064538578083,-0.033363690734865316,0.4471177944862155,False
neural.gru,rl.evolution_strategy,0.033483282489881264,0.03350928045114728,0.4842105263157895,False
rl.neuro_evolution,rule.signal_rolling,-0.03326250364109386,-0.03341690976073058,0.46967418546365913,False
rl.neuro_evolution__novelty_search,technical.macd,-0.0330656077184552,-0.03315663739414792,0.46466165413533833,False
rl.neuro_evolution,rule.moving_average_crossover,-0.03216285048674826,-0.03195261497165444,0.46215538847117793,False
rl.neuro_evolution__novelty_search,technical.rsi,-0.03166328647149474,-0.03167308474131052,0.4581453634085213,False
rl.neuro_evolution__novelty_search,technical.trend_ma,-0.03137475848835954,-0.03154584485659099,0.4556390977443609,False
rule.signal_rolling,rule.turtle,0.03082626795619032,0.030826267956190388,0.519298245614035,False
rl.neuro_evolution__novelty_search,technical.donchian,-0.029213492807400526,-0.029145121562660414,0.45864661654135336,False
neural.gru,neural.vanilla_rnn,-0.028855214637711887,-0.0288552146377119,0.48972431077694234,False
rl.neuro_evolution__novelty_search,technical.bollinger,0.02781780365156091,0.02783048745809859,0.5082706766917293,False
neural.lstm,rl.policy_gradient,0.027713689053016195,0.02771283776848861,0.4917293233082707,False
pine.hl_ott,rl.policy_gradient,0.027418486142787534,0.027473179042408136,0.4917293233082707,False
neural.gru,rl.neuro_evolution__novelty_search,-0.02529555415738192,-0.025480583767002213,0.4741854636591479,False
rl.policy_gradient,technical.roc,-0.025283610404868862,-0.024873557275490378,0.4641604010025063,False
neural.vanilla_rnn,rule.signal_rolling,0.02522012498138616,0.025220124981386226,0.5172932330827068,False
pine.leledc,rl.neuro_evolution__novelty_search,0.023542879315891916,0.02356406769796003,0.5072681704260652,False
rl.neuro_evolution__novelty_search,rule.turtle,0.023426123621045892,0.023443773520221273,0.5067669172932331,False
rl.neuro_evolution__novelty_search,technical.roc,-0.023198297627574454,-0.022730826574279044,0.4581453634085213,False
pine.mavilim,rl.neuro_evolution__novelty_search,-0.02243433872812952,-0.02271696133404011,0.4631578947368421,False
pine.squeeze,rl.policy_gradient,-0.0221575215718941,-0.02216823111840972,0.46716791979949873,False
rl.neuro_evolution__novelty_search,technical.adx,-0.020967173167496255,-0.020851584794751323,0.28972431077694233,False
rl.neuro_evolution__novelty_search,technical.trend_slope,-0.0201977492726105,-0.02064248759104175,0.4616541353383459,False
neural.vanilla_rnn,technical.macd,0.019775982076524413,0.019775982076524423,0.5032581453634085,False
rl.neuro_evolution__novelty_search,rule.moving_average_crossover,-0.01902395574557222,-0.019026927244251614,0.46516290726817044,False
pine.wavetrend,rl.neuro_evolution__novelty_search,-0.0175207721467558,-0.017147610374015458,0.4957393483709273,False
rl.policy_gradient,technical.rsi,-0.017393727112827113,-0.017340197209221125,0.47017543859649125,False
pine.wavetrend,rule.moving_average_crossover,-0.016332548788372737,-0.01633254878837269,0.47017543859649125,False
pine.wavetrend,rl.neuro_evolution,0.0162865034721624,0.016398306590136684,0.5037593984962406,False
rl.policy_gradient,rule.signal_rolling,0.015073145981422434,0.015088592231297819,0.49122807017543857,False
technical.macd,technical.trend_ma,0.012856599342571317,0.012856599342571296,0.512280701754386,False
rl.policy_gradient,technical.adx,0.009754752653969552,0.010126087833403193,0.3087719298245614,False
pine.vix_fix,rl.neuro_evolution__novelty_search,0.00962837051370751,0.00979657351022605,0.5172932330827068,False
pine.supertrend,rl.policy_gradient,-0.009476600230894115,-0.00950778652811215,0.4756892230576441,False
neural.gru,rule.turtle,0.009361208480682174,0.009361208480682169,0.5077694235588972,False
pine.leledc,rule.signal_rolling,-0.00919512771299344,-0.009195127712993415,0.49974937343358394,False
neural.vanilla_rnn,rl.evolution_strategy,0.009147764774765275,0.010911364359999464,0.48370927318295737,False
rl.evolution_strategy,rl.policy_gradient,-0.008794255761702232,-0.009614200163111326,0.4681704260651629,False
rl.policy_gradient,technical.structure,-0.007419075659714784,-0.007567853058173705,0.4320802005012531,False
pine.supertrend,rl.neuro_evolution__novelty_search,-0.007336071018335164,-0.0074512083378657085,0.4741854636591479,False
rule.signal_rolling,technical.trend_slope,0.007251414370926174,0.007251414370926192,0.4992481203007519,False
neural.lstm,pine.wavetrend,0.004767317405000528,0.004767317405000534,0.47619047619047616,False
rl.neuro_evolution,rl.policy_gradient,-0.004356783362588604,-0.004129435314567551,0.48370927318295737,False
neural.gru,rl.neuro_evolution,0.004144324492754415,0.004243439573397521,0.48721804511278194,False
neural.lstm,rl.neuro_evolution__novelty_search,0.004036531565863856,0.004301693571213829,0.47518796992481205,False
neural.gru,rl.policy_gradient,-0.004001501218130795,-0.0040427388665013175,0.4817042606516291,False
rl.neuro_evolution__novelty_search,rule.signal_rolling,0.0033250907239933893,0.003280061415226506,0.48872180451127817,False
rl.neuro_evolution__novelty_search,technical.structure,-0.002866168543717486,-0.00472825131008122,0.42656641604010026,False
rl.policy_gradient,technical.donchian,0.0024201999147406153,0.002612960541281906,0.4791979949874687,False
pine.squeeze,rule.signal_rolling,0.0023856758173517985,0.002385675817351844,0.4967418546365915,False
pine.squeeze,rl.neuro_evolution__novelty_search,0.0022976046552967374,0.0024084451644721915,0.47218045112781953,False
pine.squeeze,technical.macd,-0.0018448506374966526,-0.0018448506374966341,0.5047619047619047,False
pine.squeeze,rl.neuro_evolution,-0.0018007360616013814,-0.0017834561105187683,0.47468671679197993,False
neural.vanilla_rnn,pine.vix_fix,0.0017476444338523722,0.0017476444338523983,0.5503759398496241,False
neural.vanilla_rnn,rl.neuro_evolution__novelty_search,0.000506420514009963,0.0008244278984523124,0.4982456140350877,False
